[{"first_name": "Long", "middle_name": "Chau", "last_name": "Do", "gender": "male", "date_of_birth": "21/10/1998", "phone_number": "0975672596", "email": "dolong2110@gmail.com", "password": "$2b$12$V3VEajXIAbGMCqUk5KO/guCob6cmLpD6JH/NK/96uZlpNHw07ptsa", "balance": "0", "account_number": "40109", "issued_date": "05/08/2022"}, {"first_name": "Long", "middle_name": "Chau", "last_name": "Do", "gender": "male", "date_of_birth": "21/10/1998", "phone_number": "0975672596", "email": "dolong2110@gmail.com", "password": "$2b$12$m7x1YYZ3xmTcuDDDLVdc0OI20nZtGTIKeMJEzfY0spBHN3eg0YpBa", "balance": "0", "account_number": "46390", "issued_date": "05/08/2022"}, {"first_name": "Long", "middle_name": "Chau", "last_name": "Do", "gender": "male", "date_of_birth": "21/10/1998", "phone_number": "0975672596", "email": "dolong2110@gmail.com", "password": "$2b$12$1wuoISX4t2u4yvyINpDPYOEi6NR0RkBkbUz28XpFuNJW4GPoTo4Du", "balance": "0", "account_number": "66484", "issued_date": "05/08/2022"}]